{
  "urls": [
    "sound/sound_effects.ogg",
    "sound/sound_effects.m4a",
    "sound/sound_effects.mp3",
    "sound/sound_effects.ac3"
  ],
  "sprite": {
    "GOD_Attack1_alt1": [
      0,
      987.437641723356
    ],
    "GOD_Attack1_alt2": [
      2000,
      876.1678004535147
    ],
    "GOD_Attack1_alt3": [
      4000,
      1972.2675736961453
    ],
    "GOD_Attack2_FINISH": [
      7000,
      964.512471655329
    ],
    "GOD_Attack2_START": [
      9000,
      855.8503401360547
    ],
    "GOD_FB__0MANAWarning": [
      11000,
      869.5918367346937
    ],
    "GOD_FB__5PlusKillsAtOnce": [
      13000,
      1837.7777777777774
    ],
    "GOD_FB__7PlusKillsAtOnce": [
      16000,
      1498.9569160997717
    ],
    "GOD_FB__HighscoreObtained": [
      19000,
      1213.922902494332
    ],
    "GOD_FB__NewPowerUnlocked": [
      22000,
      1293.9909297052168
    ],
    "GOD_FB__NewWaveStarted": [
      25000,
      950.181405895691
    ],
    "GOD_FB__NewWaveStarted2": [
      27000,
      531.0204081632648
    ],
    "GOD_HitHuman_01": [
      29000,
      644.1043083900233
    ],
    "GOD_HitHuman_02": [
      31000,
      783.5374149659878
    ],
    "GOD_HitHuman_03": [
      33000,
      336.7346938775526
    ],
    "GOD_HitHuman_04": [
      35000,
      385.1247165532854
    ],
    "GOD_HitHuman_05": [
      37000,
      1140.5668934240366
    ],
    "GOD_HitHuman_06": [
      40000,
      377.50566893424065
    ],
    "GOD_HitHuman_07": [
      42000,
      597.8911564625876
    ],
    "GOD_KilledHuman_01": [
      44000,
      791.972789115647
    ],
    "GOD_KilledHuman_02": [
      46000,
      517.4829931972766
    ],
    "GOD_KilledHuman_03": [
      48000,
      790.0453514739212
    ],
    "GOD_KilledHuman_04": [
      50000,
      594.5804988662146
    ],
    "GOD_KilledHuman_05": [
      52000,
      734.8072562358254
    ],
    "GOD_KilledHuman_06": [
      54000,
      830.544217687077
    ],
    "GOD_KilledHuman_07": [
      56000,
      1352.9024943310687
    ],
    "GOD_KilledHuman_08": [
      59000,
      888.684807256233
    ],
    "GOD_KilledHuman_09": [
      61000,
      885.0113378684839
    ],
    "GOD_KilledHuman_10": [
      63000,
      405.71428571428214
    ],
    "GOD_KilledHuman_11": [
      65000,
      553.6281179138314
    ],
    "GOD_KilledHuman_12": [
      67000,
      396.30385487528486
    ],
    "GOD_KilledHuman_13": [
      69000,
      532.5170068027205
    ],
    "GOD_KilledHuman_14": [
      71000,
      1064.6712018140647
    ],
    "Human_All_Walking_loop": [
      74000,
      5008.707482993203
    ],
    "Human_Fem_HIT_01": [
      81000,
      338.775510204087
    ],
    "Human_Fem_HIT_02": [
      83000,
      858.1405895691603
    ],
    "Human_Fem_HIT_03": [
      85000,
      1349.5011337868448
    ],
    "Human_Fem_HIT_04": [
      88000,
      698.7301587301573
    ],
    "Human_Fem_ScreenEntrance": [
      90000,
      1250.5895691609935
    ],
    "Human_Man_HIT_01": [
      93000,
      406.16780045351675
    ],
    "Human_Man_HIT_02": [
      95000,
      473.3786848072583
    ],
    "Human_Man_HIT_03": [
      97000,
      426.5079365079316
    ],
    "Human_Man_HIT_04": [
      99000,
      1090.1360544217623
    ],
    "Human_Man_HIT_05": [
      102000,
      1036.5759637188175
    ],
    "Human_Man_HIT_06": [
      105000,
      333.65079365079
    ],
    "Human_Man_HIT_07": [
      107000,
      355.4875283446677
    ],
    "Human_Man_HIT_08": [
      109000,
      313.65079365079396
    ],
    "Human_Man_HIT_09": [
      111000,
      424.9433106575964
    ],
    "Human_Man_KILL_01": [
      113000,
      1058.0272108843474
    ],
    "Human_Man_KILL_02": [
      116000,
      627.5510204081627
    ],
    "Human_Man_KILL_03": [
      118000,
      594.5351473922926
    ],
    "UI_Button": [
      120000,
      357.1428571428612
    ],
    "gameover": [
      122000,
      3496.780045351471
    ]
  }
}